# session leash-camera; frames 640x480; input live JPEG camera at http://127.0.0.1:8000/camera/snapshot
tick,luminance,fired_input,rate_l,rate_r,command,throttle
0,0.3841,0,0.00000,0.00000,0,0.00000
1,0.3841,0,0.00000,0.00000,0,0.00000
2,0.3841,0,0.00000,0.00000,0,0.00000
3,0.3841,0,0.00000,0.00000,0,0.00000
4,0.3842,37254,0.00000,0.00000,0,0.00000
5,0.3842,42522,0.00791,0.00799,0,0.01590
6,0.3842,13082,0.59248,0.55544,-1,1.00000
7,0.3842,22362,0.31850,0.34665,1,0.66515
8,0.3842,50452,0.06231,0.07992,1,0.14223
9,0.3842,19800,0.57369,0.52148,-1,1.00000
10,0.3841,22634,0.33136,0.36064,1,0.69199
11,0.3841,49798,0.07023,0.09391,1,0.16413
12,0.3841,21000,0.57171,0.51948,-1,1.00000
13,0.3841,22786,0.33234,0.36264,1,0.69498
14,0.3841,49700,0.07023,0.09491,1,0.16513
15,0.3841,21181,0.57171,0.51548,-1,1.00000
16,0.3841,22807,0.32740,0.36464,1,0.69203
17,0.3841,49682,0.07517,0.09391,1,0.16908
18,0.3841,21296,0.56973,0.51548,-1,1.00000
19,0.3841,22853,0.32641,0.36464,1,0.69104
20,0.3841,49668,0.07715,0.09391,1,0.17106
21,0.3841,21302,0.56973,0.51548,-1,1.00000
22,0.3841,22817,0.32740,0.36364,1,0.69104
23,0.3841,49668,0.07715,0.09491,1,0.17206
24,0.3841,21255,0.56973,0.51548,-1,1.00000
25,0.3841,22877,0.32740,0.36364,1,0.69104
26,0.3841,49663,0.07715,0.09491,1,0.17206
27,0.3841,21252,0.56677,0.51449,-1,1.00000
28,0.3841,22826,0.32938,0.36364,1,0.69301
29,0.3841,49688,0.07814,0.09491,1,0.17305
30,0.3841,21299,0.56677,0.51449,-1,1.00000
31,0.3841,22817,0.32938,0.36264,1,0.69201
32,0.3841,49723,0.07814,0.09590,1,0.17404
33,0.3841,21286,0.56677,0.51449,-1,1.00000
34,0.3841,22822,0.32938,0.36164,1,0.69102
35,0.3841,49669,0.07814,0.09690,1,0.17504
36,0.3841,21255,0.56578,0.51449,-1,1.00000
37,0.3841,22843,0.33037,0.36064,1,0.69101
38,0.3841,49663,0.07814,0.09790,1,0.17604
39,0.3841,21316,0.56578,0.51149,-1,1.00000
40,0.3841,22823,0.33037,0.36264,1,0.69300
41,0.3841,49712,0.07814,0.09790,1,0.17604
42,0.3841,21254,0.56578,0.51149,-1,1.00000
43,0.3831,22822,0.33037,0.36264,1,0.69300
44,0.3831,49664,0.07814,0.09790,1,0.17604
45,0.3831,21307,0.56578,0.51149,-1,1.00000
46,0.3831,22881,0.33037,0.36264,1,0.69300
47,0.3831,49661,0.07814,0.09790,1,0.17604
48,0.3831,21253,0.56578,0.51149,-1,1.00000
49,0.3812,22822,0.33037,0.36264,1,0.69300
50,0.3812,49663,0.07814,0.09790,1,0.17604
51,0.3812,21257,0.56479,0.51149,-1,1.00000
52,0.3812,22873,0.33037,0.35964,1,0.69001
53,0.3812,49723,0.08012,0.10090,1,0.18102
54,0.3812,21274,0.56083,0.50849,-1,1.00000
55,0.3812,22826,0.33333,0.36264,1,0.69597
56,0.3831,49664,0.08111,0.10090,1,0.18201
57,0.3831,21273,0.55292,0.50549,-1,1.00000
58,0.3831,22836,0.33927,0.36264,1,0.70191
59,0.3831,49660,0.08111,0.10090,1,0.18201
60,0.3831,21315,0.55292,0.50549,-1,1.00000
61,0.3831,22822,0.33927,0.36264,1,0.70191
62,0.3831,49682,0.08111,0.10090,1,0.18201
63,0.3831,21305,0.55292,0.50549,-1,1.00000
64,0.3831,22825,0.33828,0.36264,1,0.70092
65,0.3831,49661,0.08210,0.10090,1,0.18300
66,0.3831,21257,0.55292,0.50549,-1,1.00000
67,0.3831,22882,0.33828,0.36264,1,0.70092
68,0.3831,49657,0.08210,0.10090,1,0.18300
69,0.3831,21277,0.55292,0.50549,-1,1.00000
70,0.3841,22848,0.33828,0.36264,1,0.70092
71,0.3841,49670,0.08210,0.10090,1,0.18300
72,0.3841,21256,0.55292,0.50549,-1,1.00000
73,0.3841,22824,0.33828,0.36264,1,0.70092
74,0.3841,49768,0.08210,0.10090,1,0.18300
75,0.3841,21250,0.55292,0.50549,-1,1.00000
76,0.3841,22826,0.33828,0.36264,1,0.70092
77,0.3841,49662,0.08210,0.10090,1,0.18300
78,0.3841,21274,0.55292,0.50549,-1,1.00000
79,0.3841,22824,0.33828,0.36264,1,0.70092
80,0.3841,49661,0.08210,0.10090,1,0.18300
81,0.3841,21333,0.55292,0.50549,-1,1.00000
82,0.3841,22823,0.33828,0.36264,1,0.70092
83,0.3841,49668,0.08210,0.10090,1,0.18300
84,0.3841,21258,0.55292,0.50549,-1,1.00000
85,0.3841,22870,0.33828,0.36264,1,0.70092
86,0.3841,49678,0.08210,0.10090,1,0.18300
87,0.3841,21254,0.55292,0.50549,-1,1.00000
88,0.3841,22888,0.33828,0.36264,1,0.70092
89,0.3841,49656,0.08210,0.10090,1,0.18300
90,0.3841,21254,0.55292,0.50549,-1,1.00000
91,0.3841,22826,0.33828,0.36264,1,0.70092
92,0.3841,49658,0.08210,0.10090,1,0.18300
93,0.3841,21282,0.55292,0.50549,-1,1.00000
94,0.3841,22847,0.33828,0.36264,1,0.70092
95,0.3841,49727,0.08210,0.10090,1,0.18300
96,0.3841,21301,0.55292,0.50450,-1,1.00000
97,0.3841,22824,0.33729,0.36364,1,0.70093
98,0.3841,49657,0.08309,0.10090,1,0.18399
99,0.3841,21256,0.55292,0.50350,-1,1.00000
100,0.3841,22829,0.33729,0.36464,1,0.70193
101,0.3841,49661,0.08309,0.10090,1,0.18399
102,0.3841,21334,0.55292,0.50350,-1,1.00000
103,0.3841,22824,0.33729,0.36464,1,0.70193
104,0.3841,49659,0.08309,0.10090,1,0.18399
105,0.3841,21277,0.55292,0.50350,-1,1.00000
106,0.3841,22827,0.33729,0.36464,1,0.70193
107,0.3841,49715,0.08309,0.10090,1,0.18399
108,0.3841,21253,0.55292,0.50350,-1,1.00000
109,0.3841,22883,0.33729,0.36464,1,0.70193
110,0.3841,49678,0.08309,0.10090,1,0.18399
111,0.3841,21252,0.55292,0.50350,-1,1.00000
112,0.3841,22833,0.33729,0.36464,1,0.70193
113,0.3841,49659,0.08309,0.10090,1,0.18399
114,0.3841,21255,0.55292,0.50350,-1,1.00000
115,0.3841,22827,0.33729,0.36464,1,0.70193
116,0.3803,49717,0.08309,0.10090,1,0.18399
117,0.3803,21276,0.55292,0.50350,-1,1.00000
118,0.3803,22874,0.33729,0.36464,1,0.70193
119,0.3803,49678,0.08309,0.10090,1,0.18399
120,0.3803,21262,0.55292,0.50350,-1,1.00000
121,0.3803,22826,0.33729,0.36464,1,0.70193
122,0.3812,49657,0.08309,0.10090,1,0.18399
123,0.3812,21314,0.55292,0.50350,-1,1.00000
124,0.3812,22826,0.33729,0.36464,1,0.70193
125,0.3812,49660,0.08309,0.10090,1,0.18399
126,0.3812,21259,0.55292,0.50350,-1,1.00000
127,0.3812,22822,0.33729,0.36464,1,0.70193
128,0.3812,49682,0.08309,0.10090,1,0.18399
129,0.3812,21321,0.55292,0.50350,-1,1.00000
130,0.3812,22882,0.33729,0.36464,1,0.70193
131,0.3812,49655,0.08309,0.10090,1,0.18399
132,0.3812,21257,0.55292,0.50350,-1,1.00000
133,0.3812,22835,0.33729,0.36464,1,0.70193
134,0.3812,49657,0.08309,0.10090,1,0.18399
135,0.3812,21257,0.55292,0.50350,-1,1.00000
136,0.3812,22827,0.33729,0.36464,1,0.70193
137,0.3812,49740,0.08309,0.10090,1,0.18399
138,0.3812,21253,0.55292,0.50350,-1,1.00000
139,0.3812,22823,0.33729,0.36464,1,0.70193
140,0.3812,49706,0.08309,0.10090,1,0.18399
141,0.3812,21272,0.55292,0.50350,-1,1.00000
142,0.3812,22826,0.33729,0.36464,1,0.70193
143,0.3812,49658,0.08309,0.10090,1,0.18399
144,0.3812,21310,0.55292,0.50350,-1,1.00000
145,0.3812,22821,0.33729,0.36464,1,0.70193
146,0.3812,49690,0.08309,0.10090,1,0.18399
147,0.3812,21255,0.55292,0.50350,-1,1.00000
148,0.3812,22827,0.33729,0.36464,1,0.70193
149,0.3812,49659,0.08309,0.10090,1,0.18399
150,0.3812,21254,0.55292,0.50350,-1,1.00000
151,0.3812,22929,0.33729,0.36464,1,0.70193
152,0.3812,49658,0.08309,0.10090,1,0.18399
153,0.3812,21272,0.55292,0.50350,-1,1.00000
154,0.3812,22828,0.33729,0.36464,1,0.70193
155,0.3812,49677,0.08309,0.10090,1,0.18399
156,0.3812,21252,0.55292,0.50350,-1,1.00000
157,0.3812,22822,0.33729,0.36464,1,0.70193
158,0.3812,49716,0.08309,0.10090,1,0.18399
159,0.3812,21265,0.55292,0.50350,-1,1.00000
160,0.3812,22827,0.33729,0.36464,1,0.70193
161,0.3812,49661,0.08309,0.10090,1,0.18399
162,0.3812,21302,0.55292,0.50350,-1,1.00000
163,0.3812,22822,0.33729,0.36464,1,0.70193
164,0.3812,49679,0.08309,0.10090,1,0.18399
165,0.3812,21332,0.55292,0.50350,-1,1.00000
166,0.3812,22821,0.33729,0.36464,1,0.70193
167,0.3812,49657,0.08309,0.10090,1,0.18399
168,0.3812,21255,0.55292,0.50350,-1,1.00000
169,0.3812,22823,0.33729,0.36464,1,0.70193
170,0.3812,49657,0.08309,0.10090,1,0.18399
171,0.3812,21256,0.55292,0.50350,-1,1.00000
172,0.3812,22901,0.33729,0.36464,1,0.70193
173,0.3812,49724,0.08309,0.10090,1,0.18399
174,0.3812,21249,0.55292,0.50350,-1,1.00000
175,0.3831,22823,0.33729,0.36464,1,0.70193
176,0.3831,49658,0.08309,0.10090,1,0.18399
177,0.3831,21272,0.55292,0.50350,-1,1.00000
178,0.3831,22825,0.33729,0.36464,1,0.70193
179,0.3831,49715,0.08309,0.10090,1,0.18399
180,0.3831,21255,0.55292,0.50350,-1,1.00000
181,0.3831,22847,0.33729,0.36464,1,0.70193
182,0.3831,49657,0.08309,0.10090,1,0.18399
183,0.3831,21254,0.55292,0.50350,-1,1.00000
184,0.3831,22874,0.33729,0.36464,1,0.70193
185,0.3831,49668,0.08309,0.10090,1,0.18399
186,0.3831,21310,0.55292,0.50350,-1,1.00000
187,0.3831,22823,0.33729,0.36464,1,0.70193
188,0.3812,49657,0.08309,0.10090,1,0.18399
189,0.3812,21276,0.55292,0.50350,-1,1.00000
190,0.3812,22846,0.33729,0.36464,1,0.70193
191,0.3812,49656,0.08309,0.10090,1,0.18399
192,0.3812,21259,0.55292,0.50350,-1,1.00000
193,0.3812,22883,0.33729,0.36464,1,0.70193
194,0.3812,49654,0.08309,0.10090,1,0.18399
195,0.3811,21300,0.55292,0.50350,-1,1.00000
196,0.3811,22828,0.33729,0.36464,1,0.70193
197,0.3811,49657,0.08309,0.10090,1,0.18399
198,0.3811,21267,0.55292,0.50350,-1,1.00000
199,0.3811,22844,0.33729,0.36464,1,0.70193
200,0.3811,49715,0.08309,0.10090,1,0.18399
201,0.3802,21274,0.55292,0.50350,-1,1.00000
202,0.3802,22825,0.33729,0.36464,1,0.70193
203,0.3802,49658,0.08309,0.10090,1,0.18399
204,0.3802,21254,0.55292,0.50350,-1,1.00000
205,0.3802,22824,0.33729,0.36464,1,0.70193
206,0.3802,49705,0.08309,0.10090,1,0.18399
207,0.3802,21312,0.55292,0.50350,-1,1.00000
208,0.3803,22845,0.33729,0.36464,1,0.70193
209,0.3803,49659,0.08309,0.10090,1,0.18399
210,0.3803,21256,0.55292,0.50350,-1,1.00000
211,0.3803,22832,0.33729,0.36464,1,0.70193
212,0.3803,49661,0.08309,0.10090,1,0.18399
213,0.3803,21275,0.55292,0.50350,-1,1.00000
214,0.3811,22884,0.33729,0.36464,1,0.70193
215,0.3811,49655,0.08309,0.10090,1,0.18399
216,0.3811,21254,0.55292,0.50350,-1,1.00000
217,0.3811,22891,0.33729,0.36464,1,0.70193
218,0.3811,49655,0.08309,0.10090,1,0.18399
219,0.3811,21255,0.55292,0.50350,-1,1.00000
220,0.3811,22826,0.33729,0.36464,1,0.70193
221,0.3812,49718,0.08309,0.10090,1,0.18399
222,0.3812,21253,0.55292,0.50350,-1,1.00000
223,0.3812,22823,0.33729,0.36464,1,0.70193
224,0.3812,49671,0.08309,0.10090,1,0.18399
225,0.3812,21275,0.55292,0.50350,-1,1.00000
226,0.3812,22846,0.33729,0.36464,1,0.70193
227,0.3812,49657,0.08309,0.10090,1,0.18399
228,0.3812,21359,0.55292,0.50350,-1,1.00000
229,0.3812,22820,0.33729,0.36464,1,0.70193
230,0.3812,49656,0.08309,0.10090,1,0.18399
231,0.3812,21257,0.55292,0.50350,-1,1.00000
232,0.3812,22832,0.33729,0.36464,1,0.70193
233,0.3812,49658,0.08309,0.10090,1,0.18399
234,0.3830,21257,0.55292,0.50350,-1,1.00000
235,0.3830,22903,0.33729,0.36464,1,0.70193
236,0.3830,49656,0.08309,0.10090,1,0.18399
237,0.3830,21283,0.55292,0.50350,-1,1.00000
238,0.3830,22825,0.33729,0.36464,1,0.70193
239,0.3830,49703,0.08309,0.10090,1,0.18399
240,0.3830,21252,0.55292,0.50350,-1,1.00000
241,0.3829,22825,0.33729,0.36464,1,0.70193
242,0.3829,49716,0.08309,0.10090,1,0.18399
243,0.3829,21254,0.55292,0.50350,-1,1.00000
244,0.3829,22848,0.33729,0.36464,1,0.70193
245,0.3829,49660,0.08309,0.10090,1,0.18399
246,0.3829,21253,0.55292,0.50350,-1,1.00000
247,0.3829,22824,0.33729,0.36464,1,0.70193
248,0.3841,49657,0.08309,0.10090,1,0.18399
249,0.3841,21333,0.55292,0.50350,-1,1.00000
250,0.3841,22880,0.33729,0.36464,1,0.70193
251,0.3841,49660,0.08309,0.10090,1,0.18399
252,0.3841,21276,0.55292,0.50350,-1,1.00000
253,0.3841,22823,0.33729,0.36464,1,0.70193
254,0.3841,49656,0.08309,0.10090,1,0.18399
255,0.3841,21255,0.55292,0.50350,-1,1.00000
256,0.3841,22885,0.33729,0.36464,1,0.70193
257,0.3841,49658,0.08309,0.10090,1,0.18399
258,0.3841,21254,0.55292,0.50350,-1,1.00000
259,0.3841,22826,0.33729,0.36464,1,0.70193
260,0.3841,49680,0.08309,0.10090,1,0.18399
261,0.3841,21319,0.55292,0.50350,-1,1.00000
262,0.3841,22833,0.33729,0.36464,1,0.70193
263,0.3841,49715,0.08309,0.10090,1,0.18399
264,0.3841,21252,0.55292,0.50350,-1,1.00000
265,0.3841,22823,0.33729,0.36464,1,0.70193
266,0.3841,49658,0.08309,0.10090,1,0.18399
267,0.3841,21254,0.55292,0.50350,-1,1.00000
268,0.3841,22850,0.33729,0.36464,1,0.70193
269,0.3841,49660,0.08309,0.10090,1,0.18399
270,0.3841,21315,0.55292,0.50350,-1,1.00000
271,0.3841,22821,0.33729,0.36464,1,0.70193
272,0.3841,49704,0.08309,0.10090,1,0.18399
273,0.3841,21272,0.55292,0.50350,-1,1.00000
274,0.3841,22835,0.33729,0.36464,1,0.70193
275,0.3841,49658,0.08309,0.10090,1,0.18399
276,0.3841,21274,0.55292,0.50350,-1,1.00000
277,0.3841,22882,0.33729,0.36464,1,0.70193
278,0.3841,49654,0.08309,0.10090,1,0.18399
279,0.3841,21253,0.55292,0.50350,-1,1.00000
280,0.3841,22828,0.33729,0.36464,1,0.70193
281,0.3841,49659,0.08309,0.10090,1,0.18399
282,0.3841,21256,0.55292,0.50350,-1,1.00000
283,0.3841,22871,0.33729,0.36464,1,0.70193
284,0.3841,49736,0.08309,0.10090,1,0.18399
285,0.3841,21270,0.55292,0.50350,-1,1.00000
286,0.3841,22838,0.33729,0.36464,1,0.70193
287,0.3841,49657,0.08309,0.10090,1,0.18399
288,0.3829,21252,0.55292,0.50350,-1,1.00000
289,0.3829,22827,0.33729,0.36464,1,0.70193
290,0.3829,49658,0.08309,0.10090,1,0.18399
291,0.3829,21314,0.55292,0.50350,-1,1.00000
292,0.3829,22845,0.33729,0.36464,1,0.70193
293,0.3829,49659,0.08309,0.10090,1,0.18399
294,0.3829,21303,0.55292,0.50350,-1,1.00000
295,0.3811,22821,0.33729,0.36464,1,0.70193
296,0.3811,49657,0.08309,0.10090,1,0.18399
297,0.3811,21275,0.55292,0.50350,-1,1.00000
298,0.3811,22882,0.33729,0.36464,1,0.70193
299,0.3811,49666,0.08309,0.10090,1,0.18399
